{
    "futbol": {
        "sport": "futbol",
        "best_model": "xgb",
        "model_details": {
            "logreg": {
                "accuracy": 0.6092791411042945,
                "f1": 0.5676310831215199,
                "time_s": 13.756280899047852,
                "params": {
                    "C": 0.01,
                    "penalty": "l2",
                    "solver": "lbfgs"
                }
            },
            "rf": {
                "accuracy": 0.60295245398773,
                "f1": 0.5666506409015242,
                "time_s": 294.68093252182007,
                "params": {
                    "max_depth": 20,
                    "n_estimators": 300,
                    "min_samples_split": 2
                }
            },
            "xgb": {
                "accuracy": 0.6192484662576687,
                "f1": 0.5860499369820984,
                "time_s": 117.81406950950623,
                "params": {
                    "learning_rate": 0.2,
                    "max_depth": 3,
                    "n_estimators": 200
                }
            },
            "stacking": {
                "accuracy": 0.6180981595092024,
                "f1": 0.5893449703575601,
                "time_s": 316.21676206588745,
                "params": {}
            },
            "nn": {
                "accuracy": 0.6110046012269938,
                "f1": 0.5658480121502868,
                "time_s": 409.7972946166992,
                "params": {}
            }
        },
        "num_classes": 3
    }
}