{
    "futbol": {
        "sport": "futbol",
        "best_model": "xgb",
        "model_details": {
            "logreg": {
                "accuracy": 0.502686677783954,
                "f1": 0.4167986071317085,
                "time_s": 7.9084391593933105,
                "params": {
                    "C": 1.0,
                    "penalty": "l2",
                    "solver": "lbfgs"
                }
            },
            "rf": {
                "accuracy": 0.5004632203075783,
                "f1": 0.40906122568387737,
                "time_s": 423.6702415943146,
                "params": {
                    "max_depth": 10,
                    "n_estimators": 100,
                    "min_samples_split": 2
                }
            },
            "xgb": {
                "accuracy": 0.505651287752455,
                "f1": 0.41742624174687704,
                "time_s": 121.24680995941162,
                "params": {
                    "learning_rate": 0.05,
                    "max_depth": 3,
                    "n_estimators": 300
                }
            },
            "cb": {
                "accuracy": 0.5049101352603298,
                "f1": 0.4166401350155682,
                "time_s": 150.57278871536255,
                "params": {
                    "learning_rate": 0.05,
                    "depth": 6,
                    "iterations": 300
                }
            },
            "stacking": {
                "accuracy": 0.5047248471372985,
                "f1": 0.4171176356777442,
                "time_s": 148.90563702583313,
                "params": {}
            },
            "nn": {
                "accuracy": 0.5010190846766722,
                "f1": 0.4082336849305324,
                "time_s": 717.2538964748383,
                "params": {}
            }
        },
        "num_classes": 3
    }
}